Credit,Heading,Subheading
Artwork By,,
Photography,,
Executive Producer,,
Other,,
Written By,,
Written-By,Writing & Arrangement,
Adapted By,Writing & Arrangement,
Arranged By,Writing & Arrangement,
Beats,Writing & Arrangement,
Cadenza,Writing & Arrangement,
Composed By,Writing & Arrangement,
Concept By,Writing & Arrangement,
Copyist,Writing & Arrangement,
Created By,Writing & Arrangement,
Instrumentation By,Writing & Arrangement,
Libretto By,Writing & Arrangement,
Lyrics By,Writing & Arrangement,
Music By,Writing & Arrangement,
Musical Assistance,Writing & Arrangement,
Orchestrated By,Writing & Arrangement,
Programmed By,Writing & Arrangement,
Score,Writing & Arrangement,
Score Editor,Writing & Arrangement,
Sequenced By,Writing & Arrangement,
Songwriter,Writing & Arrangement,
Sound Designer,Writing & Arrangement,
Transcription By,Writing & Arrangement,
Translated By,Writing & Arrangement,
Words By,Writing & Arrangement,
Featuring,Featuring & Presenting,
Hosted By,Featuring & Presenting,
Music Consultant,Writing & Arrangement,
Presenter,Featuring & Presenting,
Chorus Master,Conducting & Leading,
Concertmaster,Conducting & Leading,
Concertmistress,Conducting & Leading,
Conductor,Conducting & Leading,
Contractor,Conducting & Leading,
Directed By,Conducting & Leading,
Leader,Conducting & Leading,
Music Director,Conducting & Leading,
Repetiteur,Conducting & Leading,
Co-producer,Production,
Commissioned By,Production,
Compilation Producer,Production,
Compiled By,Production,
Curated By,Production,
Editor,Production,
Executive-Producer,Production,
Post Production,Production,
Producer,Production,
Recording Supervisor,Production,
Reissue Producer,Production,
Research,Production,
Supervised By,Production,
Remix,Remix,
DJ Mix,DJ Mix,
,,
,,
Animation,Visual,
Art Direction,Visual,
Artwork,Visual,
Assemblage,Visual,
Cameraman,Visual,
CGI Artist,Visual,
Cinematographer,Visual,
Cover,Visual,
Creative Director,Visual,
Design,Visual,
Design Concept,Visual,
Director Of Photography,Visual,
Film Director,Visual,
Film Editor,Visual,
Film Producer,Visual,
Film Technician,Visual,
Gaffer,Visual,
Graphics,Visual,
Grip,Visual,
Illustration,Visual,
Image Editor,Visual,
Layout,Visual,
Lighting,Visual,
Lighting Director,Visual,
Lithography,Visual,
Painting,Visual,
Photography By,Visual,
Production Manager,Visual,
Realization,Visual,
Set Designer,Visual,
Sleeve,Visual,
Stage Manager,Visual,
Typography,Visual,
Video Editor,Visual,
VJ,Visual,
Abridged By,Acting, Literary & Spoken
Adapted By (Text),Acting, Literary & Spoken
Author,Acting, Literary & Spoken
Booklet Editor,Acting, Literary & Spoken
Choreography,Acting, Literary & Spoken
Dialog,Acting, Literary & Spoken
Interviewee,Acting, Literary & Spoken
Interviewer,Acting, Literary & Spoken
Liner Notes,Acting, Literary & Spoken
Music Librarian,Acting, Literary & Spoken
Narrator,Acting, Literary & Spoken
Read By,Acting, Literary & Spoken
Screenwriter,Acting, Literary & Spoken
Script By,Acting, Literary & Spoken
Sleeve Notes,Acting, Literary & Spoken
Text By,Acting, Literary & Spoken
Voice Actor,Acting, Literary & Spoken
A&R,Management,
Administrator,Management,
Advisor,Management,
Booking,Management,
Consultant,Management,
Coordinator,Management,
Legal,Management,
Management,Management,
Product Manager,Management,
Promotion,Management,
Public Relations,Management,
Tour Manager,Management,
Authoring,Technical,
Crew,Technical,
DAW,Technical,
Edited By,Technical,
Engineer,Technical,
Lacquer Cut By,Technical,
Lathe Cut By,Technical,
Luthier,Technical,
Mastered By,Technical,
Mixed By,Technical,
Plated By,Technical,
Recorded By,Technical,
Remastered By,Technical,
Tape Op,Technical,
Technician,Technical,
Tracking By,Technical,
Transferred By,Technical,
Alto Vocals,Vocal,
Backing Vocals,Vocal,
Baritone Vocals,Vocal,
Bass Vocals,Vocal,
Caller,Vocal,
Choir,Vocal,
Chorus,Vocal,
Contralto Vocals,Vocal,
Coro,Vocal,
Countertenor Vocals,Vocal,
Harmony Vocals,Vocal,
Human Beatbox,Vocal,
Humming,Vocal,
Kakegoe,Vocal,
Lead Vocals,Vocal,
MC,Vocal,
Mezzo-soprano Vocals,Vocal,
Overtone Voice,Vocal,
Rap,Vocal,
Scat,Vocal,
Solo Vocal,Vocal,
Soprano Vocals,Vocal,
Speech,Vocal,
Tenor Vocals,Vocal,
Toasting,Vocal,
Treble Vocals,Vocal,
Vocal Percussion,Vocal,
Vocalese,Vocal,
Vocals,Vocal,
Voice,Vocal,
Whistling,Vocal,
Yodeling,Vocal,
Afoxé,Instruments,Drums and percussion
Agogô,Instruments,Drums and percussion
Ashiko,Instruments,Drums and percussion
Atabal,Instruments,Drums and percussion
Bapang,Instruments,Drums and percussion
Bass Drum,Instruments,Drums and percussion
Bata,Instruments,Drums and percussion
Bell Tree,Instruments,Drums and percussion
Bells,Instruments,Drums and percussion
Bendir,Instruments,Drums and percussion
Bodhrán,Instruments,Drums and percussion
Body Percussion,Instruments,Drums and percussion
Bombo,Instruments,Drums and percussion
Bones,Instruments,Drums and percussion
Bongos,Instruments,Drums and percussion
Buhay,Instruments,Drums and percussion
Buk,Instruments,Drums and percussion
Cabasa,Instruments,Drums and percussion
Caixa,Instruments,Drums and percussion
Cajón,Instruments,Drums and percussion
Calabash,Instruments,Drums and percussion
Castanets,Instruments,Drums and percussion
Caxixi,Instruments,Drums and percussion
Chak'chas,Instruments,Drums and percussion
Ching,Instruments,Drums and percussion
Claves,Instruments,Drums and percussion
Congas,Instruments,Drums and percussion
Cowbell,Instruments,Drums and percussion
Cuica,Instruments,Drums and percussion
Cymbal,Instruments,Drums and percussion
Daf,Instruments,Drums and percussion
Davul,Instruments,Drums and percussion
Dhol,Instruments,Drums and percussion
Dholak,Instruments,Drums and percussion
Djembe,Instruments,Drums and percussion
Drum,Instruments,Drums and percussion
Drum Programming,Instruments,Drums and percussion
Drums,Instruments,Drums and percussion
Dunun,Instruments,Drums and percussion
Electronic Drums,Instruments,Drums and percussion
Finger Cymbals,Instruments,Drums and percussion
Finger Snaps,Instruments,Drums and percussion
Frame Drum,Instruments,Drums and percussion
Friction Drum,Instruments,Drums and percussion
Ganzá,Instruments,Drums and percussion
Ghatam,Instruments,Drums and percussion
Ghungroo,Instruments,Drums and percussion
Goblet Drum,Instruments,Drums and percussion
Gong,Instruments,Drums and percussion
Guiro,Instruments,Drums and percussion
Handclaps,Instruments,Drums and percussion
Hihat,Instruments,Drums and percussion
Idiophone,Instruments,Drums and percussion
Janggu,Instruments,Drums and percussion
K'kwaengwari,Instruments,Drums and percussion
Kanjira,Instruments,Drums and percussion
Karkabas,Instruments,Drums and percussion
Khartal,Instruments,Drums and percussion
Khurdak,Instruments,Drums and percussion
Lion's Roar,Instruments,Drums and percussion
Mallets,Instruments,Drums and percussion
Maracas,Instruments,Drums and percussion
Monkey stick,Instruments,Drums and percussion
Mridangam,Instruments,Drums and percussion
Pakhavaj,Instruments,Drums and percussion
Pandeiro,Instruments,Drums and percussion
Percussion,Instruments,Drums and percussion
Rainstick,Instruments,Drums and percussion
Ratchet,Instruments,Drums and percussion
Rattle,Instruments,Drums and percussion
Reco-reco,Instruments,Drums and percussion
Repinique,Instruments,Drums and percussion
Rototoms,Instruments,Drums and percussion
Scraper,Instruments,Drums and percussion
Shaker,Instruments,Drums and percussion
Shekere,Instruments,Drums and percussion
Singing Bowls,Instruments,Drums and percussion
Skratjie,Instruments,Drums and percussion
Slapstick,Instruments,Drums and percussion
Slit Drum,Instruments,Drums and percussion
Snare,Instruments,Drums and percussion
Spoons,Instruments,Drums and percussion
Surdo,Instruments,Drums and percussion
Tabla,Instruments,Drums and percussion
Taiko,Instruments,Drums and percussion
Talking Drum,Instruments,Drums and percussion
Tam-tam,Instruments,Drums and percussion
Tambora,Instruments,Drums and percussion
Tamboril,Instruments,Drums and percussion
Tamborim,Instruments,Drums and percussion
Tambourine,Instruments,Drums and percussion
Tan-Tan,Instruments,Drums and percussion
Tap Dance,Instruments,Drums and percussion
Tar (Drum),Instruments,Drums and percussion
Temple Bells,Instruments,Drums and percussion
Temple Block,Instruments,Drums and percussion
Timbales,Instruments,Drums and percussion
Timpani,Instruments,Drums and percussion
Tom Tom,Instruments,Drums and percussion
Triangle,Instruments,Drums and percussion
Tüngür,Instruments,Drums and percussion
Udu,Instruments,Drums and percussion
Vibraslap,Instruments,Drums and percussion
Washboard,Instruments,Drums and percussion
Waterphone,Instruments,Drums and percussion
Wood Block,Instruments,Drums and percussion
Amadinda,Instruments,Tuned percussion
Angklung,Instruments,Tuned percussion
Balafon,Instruments,Tuned percussion
Boomwhacker,Instruments,Tuned percussion
Carillon,Instruments,Tuned percussion
Celesta,Instruments,Tuned percussion
Chimes,Instruments,Tuned percussion
Crotales,Instruments,Tuned percussion
Glockenspiel,Instruments,Tuned percussion
Kalimba,Instruments,Tuned percussion
Marimba,Instruments,Tuned percussion
Marimbula,Instruments,Tuned percussion
Metallophone,Instruments,Tuned percussion
Musical Box,Instruments,Tuned percussion
Slagbordun,Instruments,Tuned percussion
Steel Drums,Instruments,Tuned percussion
Thumb Piano,Instruments,Tuned percussion
Txalaparta,Instruments,Tuned percussion
Vibraphone,Instruments,Tuned percussion
Xylophone,Instruments,Tuned percussion
Baby Grand Piano,Instruments,Keyboard
Chamberlin,Instruments,Keyboard
Concert Grand Piano,Instruments,Keyboard
Dulcitone,Instruments,Keyboard
Electric Harpsichord,Instruments,Keyboard
Electric Organ,Instruments,Keyboard
Electric Piano,Instruments,Keyboard
Fortepiano,Instruments,Keyboard
Grand Piano,Instruments,Keyboard
Harmonium,Instruments,Keyboard
Harpsichord,Instruments,Keyboard
Keyboards,Instruments,Keyboard
Mellotron,Instruments,Keyboard
Melodica,Instruments,Keyboard
Omnichord,Instruments,Keyboard
Ondes Martenot,Instruments,Keyboard
Organ,Instruments,Keyboard
Parlour Grand Piano,Instruments,Keyboard
Pedalboard,Instruments,Keyboard
Piano,Instruments,Keyboard
Player Piano,Instruments,Keyboard
Regal,Instruments,Keyboard
Stylophone,Instruments,Keyboard
Synth,Instruments,Keyboard
Synthesizer,Instruments,Keyboard
Toy Piano,Instruments,Keyboard
Upright Piano,Instruments,Keyboard
Virginal,Instruments,Keyboard
5-String Banjo,Instruments,Stringed instruments
Acoustic Bass,Instruments,Stringed instruments
Acoustic Guitar,Instruments,Stringed instruments
Arco Bass,Instruments,Stringed instruments
Arpa,Instruments,Stringed instruments
Autoharp,Instruments,Stringed instruments
Baglama,Instruments,Stringed instruments
Bajo Quinto,Instruments,Stringed instruments
Bajo Sexto,Instruments,Stringed instruments
Balalaika,Instruments,Stringed instruments
Bandura,Instruments,Stringed instruments
Bandurria,Instruments,Stringed instruments
Banhu,Instruments,Stringed instruments
Banjo,Instruments,Stringed instruments
Baritone Guitar,Instruments,Stringed instruments
Baryton,Instruments,Stringed instruments
Bass Guitar,Instruments,Stringed instruments
Berimbau,Instruments,Stringed instruments
Bhapang,Instruments,Stringed instruments
Biwa,Instruments,Stringed instruments
Blaster Beam,Instruments,Stringed instruments
Bouzouki,Instruments,Stringed instruments
Bulbul Tarang,Instruments,Stringed instruments
Byzaanchi,Instruments,Stringed instruments
Cavaquinho,Instruments,Stringed instruments
Cello,Instruments,Stringed instruments
Cello Banjo,Instruments,Stringed instruments
Chanzy,Instruments,Stringed instruments
Chapman Stick,Instruments,Stringed instruments
Charango,Instruments,Stringed instruments
Chitarrone,Instruments,Stringed instruments
Cimbalom,Instruments,Stringed instruments
Cittern,Instruments,Stringed instruments
Clàrsach,Instruments,Stringed instruments
Classical Guitar,Instruments,Stringed instruments
Clavichord,Instruments,Stringed instruments
Clavinet,Instruments,Stringed instruments
Cobza,Instruments,Stringed instruments
Contrabass,Instruments,Stringed instruments
Cuatro,Instruments,Stringed instruments
Cümbü?,Instruments,Stringed instruments
Cura,Instruments,Stringed instruments
Dilruba,Instruments,Stringed instruments
Dobro,Instruments,Stringed instruments
Dombra,Instruments,Stringed instruments
Domra,Instruments,Stringed instruments
Doshpuluur,Instruments,Stringed instruments
Double Bass,Instruments,Stringed instruments
Dulcimer,Instruments,Stringed instruments
Dutar,Instruments,Stringed instruments
?àn b?u,Instruments,Stringed instruments
Ehru,Instruments,Stringed instruments
Ektare,Instruments,Stringed instruments
Electric Bass,Instruments,Stringed instruments
Electric Guitar,Instruments,Stringed instruments
Electric Upright Bass,Instruments,Stringed instruments
Erhu,Instruments,Stringed instruments
Esraj,Instruments,Stringed instruments
Fiddle,Instruments,Stringed instruments
Flamenco Guitar,Instruments,Stringed instruments
Gadulka,Instruments,Stringed instruments
Gaohu,Instruments,Stringed instruments
Gayageum,Instruments,Stringed instruments
Geomungo,Instruments,Stringed instruments
Gottuvâdyam,Instruments,Stringed instruments
Guimbri,Instruments,Stringed instruments
Guitalele,Instruments,Stringed instruments
Guitar,Instruments,Stringed instruments
Guitar Banjo,Instruments,Stringed instruments
Guitar Synthesizer,Instruments,Stringed instruments
Guitarrón,Instruments,Stringed instruments
GuitarViol,Instruments,Stringed instruments
Guqin,Instruments,Stringed instruments
Gusli,Instruments,Stringed instruments
Guzheng,Instruments,Stringed instruments
Halldorophone,Instruments,Stringed instruments
Hardingfele,Instruments,Stringed instruments
Harp,Instruments,Stringed instruments
Harp Guitar,Instruments,Stringed instruments
Hummel,Instruments,Stringed instruments
Huqin,Instruments,Stringed instruments
Hurdy Gurdy,Instruments,Stringed instruments
Igil,Instruments,Stringed instruments
Jarana,Instruments,Stringed instruments
Jinghu,Instruments,Stringed instruments
Jouhikko,Instruments,Stringed instruments
Kabosy,Instruments,Stringed instruments
Kamancha,Instruments,Stringed instruments
Kantele,Instruments,Stringed instruments
Kanun,Instruments,Stringed instruments
Kemenche,Instruments,Stringed instruments
Kobyz,Instruments,Stringed instruments
Kokyu,Instruments,Stringed instruments
Kora,Instruments,Stringed instruments
Koto,Instruments,Stringed instruments
Langeleik,Instruments,Stringed instruments
Lap Steel Guitar,Instruments,Stringed instruments
Laúd,Instruments,Stringed instruments
Lead Guitar,Instruments,Stringed instruments
Liuqin,Instruments,Stringed instruments
Lute,Instruments,Stringed instruments
Lyre,Instruments,Stringed instruments
Mandobass,Instruments,Stringed instruments
Mandocello,Instruments,Stringed instruments
Mandoguitar,Instruments,Stringed instruments
Mandola,Instruments,Stringed instruments
Mandolin,Instruments,Stringed instruments
Mandolin Banjo,Instruments,Stringed instruments
Mandolincello,Instruments,Stringed instruments
Monochord,Instruments,Stringed instruments
Morinhoor,Instruments,Stringed instruments
Musical Bow,Instruments,Stringed instruments
Ngoni,Instruments,Stringed instruments
Nyckelharpa,Instruments,Stringed instruments
Open-Back Banjo,Instruments,Stringed instruments
Oud,Instruments,Stringed instruments
Outi,Instruments,Stringed instruments
Pedal Steel Guitar,Instruments,Stringed instruments
Piccolo Banjo,Instruments,Stringed instruments
Pipa,Instruments,Stringed instruments
Plectrum Banjo,Instruments,Stringed instruments
Portuguese Guitar,Instruments,Stringed instruments
Psalmodicon,Instruments,Stringed instruments
Psaltery,Instruments,Stringed instruments
Rabab,Instruments,Stringed instruments
Rebab,Instruments,Stringed instruments
Rebec,Instruments,Stringed instruments
Requinto Guitar,Instruments,Stringed instruments
Resonator Banjo,Instruments,Stringed instruments
Resonator Guitar,Instruments,Stringed instruments
Rhythm Guitar,Instruments,Stringed instruments
Ronroco,Instruments,Stringed instruments
Ruan,Instruments,Stringed instruments
Santoor,Instruments,Stringed instruments
Sanxian,Instruments,Stringed instruments
Sarangi,Instruments,Stringed instruments
Sarod,Instruments,Stringed instruments
Semi-Acoustic Guitar,Instruments,Stringed instruments
Seperewa,Stringed Instruments,
Shahi Baaja,Instruments,Stringed instruments
Shamisen,Instruments,Stringed instruments
Sintir,Instruments,Stringed instruments
Sitar,Instruments,Stringed instruments
Slide Guitar,Instruments,Stringed instruments
Spinet,Instruments,Stringed instruments
Steel Guitar,Instruments,Stringed instruments
Strings,Instruments,Stringed instruments
Stroh Violin,Instruments,Stringed instruments
Strumstick,Instruments,Stringed instruments
Surbahar,Instruments,Stringed instruments
Svara Mandala,Instruments,Stringed instruments
Swarmandel,Instruments,Stringed instruments
Sympitar,Instruments,Stringed instruments
SynthAxe,Instruments,Stringed instruments
Tambura,Instruments,Stringed instruments
Tamburitza,Instruments,Stringed instruments
Tapboard,Instruments,Stringed instruments
Tar (lute),Instruments,Stringed instruments
Tenor Banjo,Instruments,Stringed instruments
Theorbo,Instruments,Stringed instruments
Tiple,Stringed instruments,
Tipple,Instruments,Stringed instruments
Tonkori,Instruments,Stringed instruments
Tres,Instruments,Stringed instruments
Twelve-String Guitar,Instruments,Stringed instruments
Tzouras,Instruments,Stringed instruments
Ukulele,Instruments,Stringed instruments
Ukulele Banjo,Instruments,Stringed instruments
Üt?gardon,Instruments,Stringed instruments
Valiha,Instruments,Stringed instruments
Veena,Instruments,Stringed instruments
Vielle,Instruments,Stringed instruments
Vihuela,Instruments,Stringed instruments
Viol,Instruments,Stringed instruments
Viola,Instruments,Stringed instruments
Viola d'Amore,Instruments,Stringed instruments
Viola da Gamba,Instruments,Stringed instruments
Violin,Instruments,Stringed instruments
Violino Piccolo,Instruments,Stringed instruments
Violoncello,Instruments,Stringed instruments
Violone,Instruments,Stringed instruments
Washtub Bass,Instruments,Stringed instruments
Xalam,Instruments,Stringed instruments
Yang T'Chin,Instruments,Stringed instruments
Yangqin,Instruments,Stringed instruments
Zither,Instruments,Stringed instruments
Zongora,Instruments,Stringed instruments
Accordion,Instruments,Wind instruments
Algoza,Instruments,Wind instruments
Alphorn,Instruments,Wind instruments
Alto Clarinet,Instruments,Wind instruments
Alto Flute,Instruments,Wind instruments
Alto Horn,Instruments,Wind instruments
Alto Recorder,Instruments,Wind instruments
Alto Saxophone,Instruments,Wind instruments
Apito,Instruments,Wind instruments
Bagpipes,Instruments,Wind instruments
Bandoneon,Instruments,Wind instruments
Bansuri,Instruments,Wind instruments
Baritone Saxophone,Instruments,Wind instruments
Barrel Organ,Instruments,Wind instruments
Bass Clarinet,Instruments,Wind instruments
Bass Flute,Instruments,Wind instruments
Bass Harmonica,Instruments,Wind instruments
Bass Saxophone,Instruments,Wind instruments
Bass Trombone,Instruments,Wind instruments
Bass Tuba,Instruments,Wind instruments
Basset Horn,Instruments,Wind instruments
Bassoon,Instruments,Wind instruments
Bayan,Instruments,Wind instruments
Bellowphone,Instruments,Wind instruments
Beresta,Instruments,Wind instruments
Blues Harp,Instruments,Wind instruments
Bombarde,Instruments,Wind instruments
Brass,Instruments,Wind instruments
Brass Bass,Instruments,Wind instruments
Bucium,Instruments,Wind instruments
Bugle,Instruments,Wind instruments
Chalumeau,Instruments,Wind instruments
Chanter,Instruments,Wind instruments
Chirimia,Instruments,Wind instruments
Clarinet,Instruments,Wind instruments
Clarion,Instruments,Wind instruments
Claviola,Instruments,Wind instruments
Concert Flute,Instruments,Wind instruments
Concertina,Instruments,Wind instruments
Conch,Instruments,Wind instruments
Contra-Alto Clarinet,Instruments,Wind instruments
Contrabass Clarinet,Instruments,Wind instruments
Contrabass Saxophone,Instruments,Wind instruments
Contrabassoon,Instruments,Wind instruments
Cor Anglais,Instruments,Wind instruments
Cornet,Instruments,Wind instruments
Cornett,Instruments,Wind instruments
Crumhorn,Instruments,Wind instruments
Daegeum,Instruments,Wind instruments
Didgeridoo,Instruments,Wind instruments
Dili Tuiduk,Instruments,Wind instruments
Dizi,Instruments,Wind instruments
Drone,Instruments,Wind instruments
Duduk,Instruments,Wind instruments
Dulcian,Instruments,Wind instruments
Dulzaina,Instruments,Wind instruments
Electronic Valve Instrument,Instruments,Wind instruments
Electronic Wind Instrument,Instruments,Wind instruments
English Horn,Instruments,Wind instruments
Euphonium,Instruments,Wind instruments
Fife,Instruments,Wind instruments
Flageolet,Instruments,Wind instruments
Flugabone,Instruments,Wind instruments
Flugelhorn,Instruments,Wind instruments
Fluier,Instruments,Wind instruments
Flute,Instruments,Wind instruments
Flute D'Amour,Instruments,Wind instruments
French Horn,Instruments,Wind instruments
Gemshorn,Instruments,Wind instruments
Harmonica,Instruments,Wind instruments
Heckelphone,Instruments,Wind instruments
Helicon,Instruments,Wind instruments
Highland Pipes,Instruments,Wind instruments
Horagai,Instruments,Wind instruments
Horn,Instruments,Wind instruments
Horns,Instruments,Wind instruments
Hunting Horn,Instruments,Wind instruments
Jug,Instruments,Wind instruments
Kaval,Instruments,Wind instruments
Kazoo,Instruments,Wind instruments
Khene,Instruments,Wind instruments
Launeddas,Instruments,Wind instruments
Low Whistle,Instruments,Wind instruments
Lur,Instruments,Wind instruments
Lyricon,Instruments,Wind instruments
Mellophone,Instruments,Wind instruments
Melodeon,Instruments,Wind instruments
Mizmar,Instruments,Wind instruments
Mizwad,Instruments,Wind instruments
Moceño,Instruments,Wind instruments
Murli,Instruments,Wind instruments
Musette,Instruments,Wind instruments
Nadaswaram,Instruments,Wind instruments
Ney,Instruments,Wind instruments
Northumbrian Pipes,Instruments,Wind instruments
Nose Flute,Instruments,Wind instruments
Oboe,Instruments,Wind instruments
Oboe d'Amore,Instruments,Wind instruments
Oboe Da Caccia,Instruments,Wind instruments
Ocarina,Instruments,Wind instruments
Ophicleide,Instruments,Wind instruments
Panpipes,Instruments,Wind instruments
Piano Accordion,Instruments,Wind instruments
Piccolo Flute,Instruments,Wind instruments
Piccolo Trumpet,Instruments,Wind instruments
Pipe,Instruments,Wind instruments
Pito,Instruments,Wind instruments
Pixiephone,Instruments,Wind instruments
Quena,Instruments,Wind instruments
Quenacho,Instruments,Wind instruments
Quray,Instruments,Wind instruments
Rauschpfeife,Instruments,Wind instruments
Recorder,Instruments,Wind instruments
Reeds,Instruments,Wind instruments
Rhaita,Instruments,Wind instruments
Rondador,Instruments,Wind instruments
Rozhok,Instruments,Wind instruments
Ryuteki,Instruments,Wind instruments
Sackbut,Instruments,Wind instruments
Sampona,Instruments,Wind instruments
Sarrusophone,Instruments,Wind instruments
Saxello,Instruments,Wind instruments
Saxophone,Instruments,Wind instruments
Serpent,Instruments,Wind instruments
Shakuhachi,Instruments,Wind instruments
Shanai,Instruments,Wind instruments
Shawm,Instruments,Wind instruments
Shenai,Instruments,Wind instruments
Sheng,Instruments,Wind instruments
Shinobue,Instruments,Wind instruments
Sho,Instruments,Wind instruments
Slide Whistle,Instruments,Wind instruments
Smallpipes,Instruments,Wind instruments
Sopilka,Instruments,Wind instruments
Sopranino Saxophone,Instruments,Wind instruments
Soprano Clarinet,Instruments,Wind instruments
Soprano Saxophone,Instruments,Wind instruments
Souna,Instruments,Wind instruments
Sousaphone,Instruments,Wind instruments
Sruti Box,Instruments,Wind instruments
Subcontrabass Saxophone,Instruments,Wind instruments
Suling,Instruments,Wind instruments
Suona,Instruments,Wind instruments
Tárogató,Instruments,Wind instruments
Tenor Saxophone,Instruments,Wind instruments
Ti-tse,Instruments,Wind instruments
Tin Whistle,Instruments,Wind instruments
Trombone,Instruments,Wind instruments
Trumpet,Instruments,Wind instruments
Tuba,Instruments,Wind instruments
Txirula,Instruments,Wind instruments
Txistu,Instruments,Wind instruments
Uilleann Pipes,Instruments,Wind instruments
Valve Trombone,Instruments,Wind instruments
Whistle,Instruments,Wind instruments
Whistling Water Jar,Instruments,Wind instruments
Wind,Instruments,Wind instruments
Woodwind,Instruments,Wind instruments
Yorgaphone,Instruments,Wind instruments
Zhaleika,Instruments,Wind instruments
Zukra,Instruments,Wind instruments
Zurna,Instruments,Wind instruments
Automatic Orchestra,Instruments,Technical musical
Computer,Instruments,Technical musical
Drum Machine,Instruments,Technical musical
Effects,Instruments,Technical musical
Electronics,Instruments,Technical musical
Groovebox,Instruments,Technical musical
Loops,Instruments,Technical musical
MIDI Controller,Instruments,Technical musical
Noises,Instruments,Technical musical
Sampler,Instruments,Technical musical
Scratches,Instruments,Technical musical
Sequencer,Instruments,Technical musical
Software Instrument,Instruments,Technical musical
Talkbox,Instruments,Technical musical
Tannerin,Instruments,Technical musical
Tape,Instruments,Technical musical
Theremin,Instruments,Technical musical
Turntables,Instruments,Technical musical
Vocoder,Instruments,Technical musical
Accompanied By,Instruments,Other musical
Audio Generator,Instruments,Other musical
Backing Band,Instruments,Other musical
Band,Instruments,Other musical
Bass,Instruments,Other musical
Brass Band,Instruments,Other musical
Bullroarer,Instruments,Other musical
Concert Band,Instruments,Other musical
E-Bow,Instruments,Other musical
Ensemble,Instruments,Other musical
Gamelan,Instruments,Other musical
Glass Harmonica,Instruments,Other musical
Guest,Instruments,Other musical
Homus,Instruments,Other musical
Instruments,Instruments,Other musical
Jew's Harp,Instruments,Other musical
Mbira,Instruments,Other musical
Morchang,Instruments,Other musical
Musician,Instruments,Other musical
Orchestra,Instruments,Other musical
Performer,Instruments,Other musical
Rhythm Section,Instruments,Other musical
Saw,Instruments,Other musical
Siren,Instruments,Other musical
Soloist,Instruments,Other musical
Sounds,Instruments,Other musical
Toy,Instruments,Other musical
Trautonium,Instruments,Other musical
Wind Chimes,Instruments,Other musical
Wobble Board,Instruments,Other musical
